Position,Residue,Score,Assignment
0,M,0.183,.
1,F,0.205,.
2,V,0.233,.
3,F,0.265,.
4,L,0.302,.
5,V,0.301,.
6,L,0.305,.
7,L,0.305,.
8,P,0.334,.
9,L,0.381,.
10,V,0.432,.
11,S,0.469,.
12,S,0.509,E
13,Q,0.542,E
14,C,0.572,E
15,V,0.583,E
16,N,0.617,E
17,L,0.631,E
18,T,0.64,E
19,T,0.641,E
20,R,0.649,E
21,T,0.651,E
22,Q,0.644,E
23,L,0.631,E
24,P,0.625,E
25,P,0.616,E
26,A,0.606,E
27,Y,0.598,E
28,T,0.587,E
29,N,0.573,E
30,S,0.554,E
31,F,0.542,E
32,T,0.549,E
33,R,0.547,E
34,G,0.527,E
35,V,0.525,E
36,Y,0.506,E
37,Y,0.485,.
38,P,0.464,.
39,D,0.455,.
40,K,0.449,.
41,V,0.431,.
42,F,0.421,.
43,R,0.408,.
44,S,0.402,.
45,S,0.393,.
46,V,0.401,.
47,L,0.423,.
48,H,0.428,.
49,S,0.425,.
50,T,0.425,.
51,Q,0.426,.
52,D,0.445,.
53,L,0.441,.
54,F,0.454,.
55,L,0.471,.
56,P,0.478,.
57,F,0.489,.
58,F,0.512,E
59,S,0.537,E
60,N,0.548,E
61,V,0.555,E
62,T,0.564,E
63,W,0.565,E
64,F,0.566,E
65,H,0.561,E
66,A,0.575,E
67,I,0.582,E
68,H,0.573,E
69,V,0.586,E
70,S,0.586,E
71,G,0.579,E
72,T,0.579,E
73,N,0.572,E
74,G,0.555,E
75,T,0.54,E
76,K,0.531,E
77,R,0.529,E
78,F,0.513,E
79,D,0.505,E
80,N,0.503,E
81,P,0.486,.
82,V,0.475,.
83,L,0.487,.
84,P,0.48,.
85,F,0.458,.
86,N,0.457,.
87,D,0.439,.
88,G,0.434,.
89,V,0.437,.
90,Y,0.45,.
91,F,0.458,.
92,A,0.469,.
93,S,0.476,.
94,T,0.497,.
95,E,0.494,.
96,K,0.51,E
97,S,0.511,E
98,N,0.489,.
99,I,0.473,.
100,I,0.436,.
101,R,0.405,.
102,G,0.383,.
103,W,0.373,.
104,I,0.378,.
105,F,0.396,.
106,G,0.411,.
107,T,0.437,.
108,T,0.45,.
109,L,0.476,.
110,D,0.474,.
111,S,0.462,.
112,K,0.431,.
113,T,0.389,.
114,Q,0.347,.
115,S,0.308,.
116,L,0.299,.
117,L,0.301,.
118,I,0.303,.
119,V,0.312,.
120,N,0.336,.
121,N,0.346,.
122,A,0.368,.
123,T,0.37,.
124,N,0.379,.
125,V,0.363,.
126,V,0.339,.
127,I,0.338,.
128,K,0.331,.
129,V,0.335,.
130,C,0.341,.
131,E,0.346,.
132,F,0.384,.
133,Q,0.409,.
134,F,0.445,.
135,C,0.481,.
136,N,0.488,.
137,D,0.509,E
138,P,0.513,E
139,F,0.542,E
140,L,0.564,E
141,G,0.572,E
142,V,0.582,E
143,Y,0.588,E
144,Y,0.586,E
145,H,0.595,E
146,K,0.606,E
147,N,0.608,E
148,N,0.598,E
149,K,0.592,E
150,S,0.577,E
151,W,0.562,E
152,M,0.533,E
153,E,0.524,E
154,S,0.493,.
155,E,0.478,.
156,F,0.467,.
157,R,0.459,.
158,V,0.46,.
159,Y,0.475,.
160,S,0.479,.
161,S,0.491,.
162,A,0.489,.
163,N,0.493,.
164,N,0.494,.
165,C,0.489,.
166,T,0.478,.
167,F,0.469,.
168,E,0.453,.
169,Y,0.447,.
170,V,0.444,.
171,S,0.442,.
172,Q,0.453,.
173,P,0.456,.
174,F,0.46,.
175,L,0.493,.
176,M,0.512,E
177,D,0.526,E
178,L,0.534,E
179,E,0.54,E
180,G,0.549,E
181,K,0.556,E
182,Q,0.569,E
183,G,0.584,E
184,N,0.571,E
185,F,0.558,E
186,K,0.539,E
187,N,0.519,E
188,L,0.511,E
189,R,0.489,.
190,E,0.485,.
191,F,0.47,.
192,V,0.463,.
193,F,0.468,.
194,K,0.461,.
195,N,0.463,.
196,I,0.463,.
197,D,0.454,.
198,G,0.458,.
199,Y,0.453,.
200,F,0.445,.
201,K,0.443,.
202,I,0.45,.
203,Y,0.471,.
204,S,0.49,.
205,K,0.515,E
206,H,0.543,E
207,T,0.566,E
208,P,0.581,E
209,I,0.606,E
210,N,0.621,E
211,L,0.606,E
212,V,0.596,E
213,R,0.604,E
214,D,0.609,E
215,L,0.612,E
216,P,0.612,E
217,Q,0.601,E
218,G,0.573,E
219,F,0.553,E
220,S,0.534,E
221,A,0.499,.
222,L,0.446,.
223,E,0.399,.
224,P,0.347,.
225,L,0.328,.
226,V,0.305,.
227,D,0.313,.
228,L,0.319,.
229,P,0.35,.
230,I,0.378,.
231,G,0.409,.
232,I,0.449,.
233,N,0.472,.
234,I,0.48,.
235,T,0.488,.
236,R,0.459,.
237,F,0.431,.
238,Q,0.387,.
239,T,0.35,.
240,L,0.319,.
241,L,0.292,.
242,A,0.289,.
243,L,0.282,.
244,H,0.294,.
245,R,0.325,.
246,S,0.355,.
247,Y,0.398,.
248,L,0.458,.
249,T,0.51,E
250,P,0.548,E
251,G,0.584,E
252,D,0.607,E
253,S,0.633,E
254,S,0.651,E
255,S,0.648,E
256,G,0.634,E
257,W,0.599,E
258,T,0.555,E
259,A,0.514,E
260,G,0.463,.
261,A,0.427,.
262,A,0.377,.
263,A,0.332,.
264,Y,0.321,.
265,Y,0.307,.
266,V,0.32,.
267,G,0.341,.
268,Y,0.363,.
269,L,0.388,.
270,Q,0.407,.
271,P,0.412,.
272,R,0.417,.
273,T,0.42,.
274,F,0.427,.
275,L,0.43,.
276,L,0.437,.
277,K,0.445,.
278,Y,0.442,.
279,N,0.443,.
280,E,0.45,.
281,N,0.474,.
282,G,0.47,.
283,T,0.464,.
284,I,0.441,.
285,T,0.426,.
286,D,0.401,.
287,A,0.415,.
288,V,0.425,.
289,D,0.448,.
290,C,0.461,.
291,A,0.484,.
292,L,0.502,E
293,D,0.52,E
294,P,0.51,E
295,L,0.525,E
296,S,0.491,.
297,E,0.476,.
298,T,0.465,.
299,K,0.465,.
300,C,0.463,.
301,T,0.471,.
302,L,0.487,.
303,K,0.504,E
304,S,0.507,E
305,F,0.536,E
306,T,0.544,E
307,V,0.548,E
308,E,0.537,E
309,K,0.534,E
310,G,0.531,E
311,I,0.529,E
312,Y,0.547,E
313,Q,0.549,E
314,T,0.562,E
315,S,0.565,E
316,N,0.568,E
317,F,0.57,E
318,R,0.558,E
319,V,0.555,E
320,Q,0.539,E
321,P,0.51,E
322,T,0.489,.
323,E,0.471,.
324,S,0.456,.
325,I,0.463,.
326,V,0.479,.
327,R,0.495,.
328,F,0.508,E
329,P,0.524,E
330,N,0.543,E
331,I,0.557,E
332,T,0.562,E
333,N,0.572,E
334,L,0.554,E
335,C,0.546,E
336,P,0.534,E
337,F,0.531,E
338,G,0.539,E
339,E,0.538,E
340,V,0.555,E
341,F,0.566,E
342,N,0.567,E
343,A,0.593,E
344,T,0.597,E
345,R,0.606,E
346,F,0.601,E
347,A,0.584,E
348,S,0.582,E
349,V,0.564,E
350,Y,0.565,E
351,A,0.583,E
352,W,0.582,E
353,N,0.573,E
354,R,0.585,E
355,K,0.593,E
356,R,0.598,E
357,I,0.6,E
358,S,0.598,E
359,N,0.583,E
360,C,0.555,E
361,V,0.524,E
362,A,0.519,E
363,D,0.489,.
364,Y,0.478,.
365,S,0.485,.
366,V,0.484,.
367,L,0.493,.
368,Y,0.512,E
369,N,0.528,E
370,S,0.546,E
371,A,0.558,E
372,S,0.562,E
373,F,0.574,E
374,S,0.546,E
375,T,0.538,E
376,F,0.532,E
377,K,0.51,E
378,C,0.509,E
379,Y,0.506,E
380,G,0.511,E
381,V,0.538,E
382,S,0.52,E
383,P,0.553,E
384,T,0.569,E
385,K,0.578,E
386,L,0.591,E
387,N,0.582,E
388,D,0.581,E
389,L,0.561,E
390,C,0.535,E
391,F,0.536,E
392,T,0.512,E
393,N,0.487,.
394,V,0.471,.
395,Y,0.442,.
396,A,0.417,.
397,D,0.4,.
398,S,0.409,.
399,F,0.418,.
400,V,0.431,.
401,I,0.452,.
402,R,0.478,.
403,G,0.516,E
404,D,0.561,E
405,E,0.601,E
406,V,0.622,E
407,R,0.635,E
408,Q,0.64,E
409,I,0.637,E
410,A,0.63,E
411,P,0.625,E
412,G,0.606,E
413,Q,0.583,E
414,T,0.579,E
415,G,0.574,E
416,K,0.559,E
417,I,0.551,E
418,A,0.535,E
419,D,0.522,E
420,Y,0.512,E
421,N,0.508,E
422,Y,0.524,E
423,K,0.526,E
424,L,0.518,E
425,P,0.507,E
426,D,0.479,.
427,D,0.465,.
428,F,0.45,.
429,T,0.422,.
430,G,0.395,.
431,C,0.35,.
432,V,0.334,.
433,I,0.335,.
434,A,0.359,.
435,W,0.405,.
436,N,0.426,.
437,S,0.452,.
438,N,0.498,.
439,N,0.533,E
440,L,0.566,E
441,D,0.582,E
442,S,0.597,E
443,K,0.591,E
444,V,0.585,E
445,G,0.587,E
446,G,0.585,E
447,N,0.567,E
448,Y,0.545,E
449,N,0.545,E
450,Y,0.523,E
451,L,0.504,E
452,Y,0.505,E
453,R,0.509,E
454,L,0.512,E
455,F,0.523,E
456,R,0.53,E
457,K,0.548,E
458,S,0.551,E
459,N,0.57,E
460,L,0.588,E
461,K,0.575,E
462,P,0.57,E
463,F,0.563,E
464,E,0.547,E
465,R,0.542,E
466,D,0.536,E
467,I,0.541,E
468,S,0.553,E
469,T,0.561,E
470,E,0.582,E
471,I,0.585,E
472,Y,0.597,E
473,Q,0.605,E
474,A,0.611,E
475,G,0.593,E
476,S,0.584,E
477,T,0.557,E
478,P,0.541,E
479,C,0.542,E
480,N,0.535,E
481,G,0.523,E
482,V,0.52,E
483,E,0.519,E
484,G,0.54,E
485,F,0.545,E
486,N,0.559,E
487,C,0.567,E
488,Y,0.564,E
489,F,0.559,E
490,P,0.561,E
491,L,0.556,E
492,Q,0.546,E
493,S,0.534,E
494,Y,0.53,E
495,G,0.53,E
496,F,0.526,E
497,Q,0.512,E
498,P,0.51,E
499,T,0.505,E
500,N,0.5,E
501,G,0.489,.
502,V,0.478,.
503,G,0.457,.
504,Y,0.424,.
505,Q,0.384,.
506,P,0.352,.
507,Y,0.333,.
508,R,0.335,.
509,V,0.335,.
510,V,0.352,.
511,V,0.372,.
512,L,0.386,.
513,S,0.421,.
514,F,0.478,.
515,E,0.513,E
516,L,0.547,E
517,L,0.55,E
518,H,0.558,E
519,A,0.558,E
520,P,0.551,E
521,A,0.552,E
522,T,0.55,E
523,V,0.549,E
524,C,0.566,E
525,G,0.57,E
526,P,0.573,E
527,K,0.584,E
528,K,0.59,E
529,S,0.593,E
530,T,0.595,E
531,N,0.589,E
532,L,0.567,E
533,V,0.53,E
534,K,0.511,E
535,N,0.503,E
536,K,0.488,.
537,C,0.477,.
538,V,0.464,.
539,N,0.463,.
540,F,0.46,.
541,N,0.454,.
542,F,0.464,.
543,N,0.46,.
544,G,0.441,.
545,L,0.423,.
546,T,0.423,.
547,G,0.404,.
548,T,0.403,.
549,G,0.406,.
550,V,0.409,.
551,L,0.428,.
552,T,0.455,.
553,E,0.492,.
554,S,0.518,E
555,N,0.538,E
556,K,0.573,E
557,K,0.579,E
558,F,0.577,E
559,L,0.579,E
560,P,0.548,E
561,F,0.509,E
562,Q,0.481,.
563,Q,0.47,.
564,F,0.463,.
565,G,0.461,.
566,R,0.462,.
567,D,0.456,.
568,I,0.446,.
569,A,0.462,.
570,D,0.451,.
571,T,0.44,.
572,T,0.432,.
573,D,0.418,.
574,A,0.418,.
575,V,0.433,.
576,R,0.449,.
577,D,0.462,.
578,P,0.473,.
579,Q,0.505,E
580,T,0.515,E
581,L,0.522,E
582,E,0.505,E
583,I,0.493,.
584,L,0.468,.
585,D,0.451,.
586,I,0.46,.
587,T,0.46,.
588,P,0.46,.
589,C,0.473,.
590,S,0.465,.
591,F,0.474,.
592,G,0.454,.
593,G,0.427,.
594,V,0.406,.
595,S,0.391,.
596,V,0.384,.
597,I,0.392,.
598,T,0.417,.
599,P,0.45,.
600,G,0.475,.
601,T,0.509,E
602,N,0.543,E
603,T,0.562,E
604,S,0.538,E
605,N,0.511,E
606,Q,0.465,.
607,V,0.422,.
608,A,0.394,.
609,V,0.376,.
610,L,0.369,.
611,Y,0.377,.
612,Q,0.379,.
613,D,0.419,.
614,V,0.463,.
615,N,0.503,E
616,C,0.533,E
617,T,0.55,E
618,E,0.561,E
619,V,0.555,E
620,P,0.551,E
621,V,0.555,E
622,A,0.555,E
623,I,0.554,E
624,H,0.553,E
625,A,0.546,E
626,D,0.538,E
627,Q,0.532,E
628,L,0.533,E
629,T,0.526,E
630,P,0.522,E
631,T,0.513,E
632,W,0.496,.
633,R,0.5,E
634,V,0.505,E
635,Y,0.515,E
636,S,0.524,E
637,T,0.532,E
638,G,0.537,E
639,S,0.549,E
640,N,0.539,E
641,V,0.541,E
642,F,0.522,E
643,Q,0.502,E
644,T,0.465,.
645,R,0.44,.
646,A,0.411,.
647,G,0.394,.
648,C,0.36,.
649,L,0.366,.
650,I,0.367,.
651,G,0.389,.
652,A,0.422,.
653,E,0.467,.
654,H,0.493,.
655,V,0.531,E
656,N,0.561,E
657,N,0.583,E
658,S,0.595,E
659,Y,0.603,E
660,E,0.603,E
661,C,0.591,E
662,D,0.566,E
663,I,0.55,E
664,P,0.525,E
665,I,0.502,E
666,G,0.491,.
667,A,0.479,.
668,G,0.465,.
669,I,0.469,.
670,C,0.486,.
671,A,0.508,E
672,S,0.541,E
673,Y,0.566,E
674,Q,0.594,E
675,T,0.633,E
676,Q,0.651,E
677,T,0.681,E
678,N,0.693,E
679,S,0.68,E
680,P,0.695,E
681,R,0.689,E
682,R,0.692,E
683,A,0.683,E
684,R,0.669,E
685,S,0.651,E
686,V,0.614,E
687,A,0.577,E
688,S,0.549,E
689,Q,0.517,E
690,S,0.496,.
691,I,0.485,.
692,I,0.497,.
693,A,0.498,.
694,Y,0.523,E
695,T,0.554,E
696,M,0.578,E
697,S,0.616,E
698,L,0.635,E
699,G,0.653,E
700,A,0.665,E
701,E,0.664,E
702,N,0.676,E
703,S,0.669,E
704,V,0.657,E
705,A,0.646,E
706,Y,0.626,E
707,S,0.58,E
708,N,0.559,E
709,N,0.51,E
710,S,0.486,.
711,I,0.472,.
712,A,0.463,.
713,I,0.454,.
714,P,0.451,.
715,T,0.447,.
716,N,0.464,.
717,F,0.462,.
718,T,0.484,.
719,I,0.484,.
720,S,0.471,.
721,V,0.456,.
722,T,0.448,.
723,T,0.448,.
724,E,0.448,.
725,I,0.463,.
726,L,0.475,.
727,P,0.486,.
728,V,0.492,.
729,S,0.489,.
730,M,0.488,.
731,T,0.47,.
732,K,0.455,.
733,T,0.431,.
734,S,0.409,.
735,V,0.394,.
736,D,0.387,.
737,C,0.369,.
738,T,0.36,.
739,M,0.373,.
740,Y,0.404,.
741,I,0.422,.
742,C,0.456,.
743,G,0.474,.
744,D,0.476,.
745,S,0.479,.
746,T,0.496,.
747,E,0.503,E
748,C,0.473,.
749,S,0.464,.
750,N,0.459,.
751,L,0.435,.
752,L,0.422,.
753,L,0.417,.
754,Q,0.409,.
755,Y,0.378,.
756,G,0.386,.
757,S,0.407,.
758,F,0.39,.
759,C,0.388,.
760,T,0.404,.
761,Q,0.401,.
762,L,0.39,.
763,N,0.397,.
764,R,0.423,.
765,A,0.418,.
766,L,0.42,.
767,T,0.443,.
768,G,0.446,.
769,I,0.445,.
770,A,0.468,.
771,V,0.496,.
772,E,0.506,E
773,Q,0.504,E
774,D,0.52,E
775,K,0.526,E
776,N,0.517,E
777,T,0.505,E
778,Q,0.506,E
779,E,0.482,.
780,V,0.466,.
781,F,0.47,.
782,A,0.489,.
783,Q,0.488,.
784,V,0.491,.
785,K,0.511,E
786,Q,0.519,E
787,I,0.53,E
788,Y,0.555,E
789,K,0.57,E
790,T,0.584,E
791,P,0.584,E
792,P,0.592,E
793,I,0.597,E
794,K,0.587,E
795,D,0.589,E
796,F,0.583,E
797,G,0.559,E
798,G,0.545,E
799,F,0.519,E
800,N,0.488,.
801,F,0.462,.
802,S,0.455,.
803,Q,0.462,.
804,I,0.476,.
805,L,0.493,.
806,P,0.525,E
807,D,0.553,E
808,P,0.569,E
809,S,0.593,E
810,K,0.602,E
811,P,0.596,E
812,S,0.569,E
813,K,0.534,E
814,R,0.498,.
815,S,0.472,.
816,F,0.45,.
817,I,0.425,.
818,E,0.415,.
819,D,0.424,.
820,L,0.424,.
821,L,0.424,.
822,F,0.446,.
823,N,0.452,.
824,K,0.463,.
825,V,0.477,.
826,T,0.493,.
827,L,0.506,E
828,A,0.51,E
829,D,0.515,E
830,A,0.537,E
831,G,0.544,E
832,F,0.556,E
833,I,0.554,E
834,K,0.546,E
835,Q,0.529,E
836,Y,0.529,E
837,G,0.528,E
838,D,0.528,E
839,C,0.524,E
840,L,0.52,E
841,G,0.501,E
842,D,0.495,.
843,I,0.484,.
844,A,0.467,.
845,A,0.433,.
846,R,0.4,.
847,D,0.363,.
848,L,0.349,.
849,I,0.342,.
850,C,0.354,.
851,A,0.352,.
852,Q,0.344,.
853,K,0.342,.
854,F,0.344,.
855,N,0.343,.
856,G,0.352,.
857,L,0.351,.
858,T,0.356,.
859,V,0.361,.
860,L,0.368,.
861,P,0.386,.
862,P,0.418,.
863,L,0.436,.
864,L,0.458,.
865,T,0.474,.
866,D,0.468,.
867,E,0.446,.
868,M,0.416,.
869,I,0.386,.
870,A,0.348,.
871,Q,0.312,.
872,Y,0.28,.
873,T,0.253,.
874,S,0.228,.
875,A,0.209,.
876,L,0.204,.
877,L,0.217,.
878,A,0.241,.
879,G,0.266,.
880,T,0.293,.
881,I,0.327,.
882,T,0.364,.
883,S,0.394,.
884,G,0.435,.
885,W,0.46,.
886,T,0.471,.
887,F,0.466,.
888,G,0.46,.
889,A,0.442,.
890,G,0.422,.
891,A,0.382,.
892,A,0.352,.
893,L,0.311,.
894,Q,0.268,.
895,I,0.233,.
896,P,0.211,.
897,F,0.191,.
898,A,0.187,.
899,M,0.188,.
900,Q,0.208,.
901,M,0.222,.
902,A,0.248,.
903,Y,0.276,.
904,R,0.291,.
905,F,0.308,.
906,N,0.321,.
907,G,0.326,.
908,I,0.339,.
909,G,0.343,.
910,V,0.345,.
911,T,0.331,.
912,Q,0.35,.
913,N,0.368,.
914,V,0.379,.
915,L,0.405,.
916,Y,0.433,.
917,E,0.454,.
918,N,0.447,.
919,Q,0.449,.
920,K,0.466,.
921,L,0.459,.
922,I,0.45,.
923,A,0.456,.
924,N,0.444,.
925,Q,0.418,.
926,F,0.385,.
927,N,0.393,.
928,S,0.412,.
929,A,0.394,.
930,I,0.398,.
931,G,0.408,.
932,K,0.391,.
933,I,0.381,.
934,Q,0.395,.
935,D,0.401,.
936,S,0.378,.
937,L,0.361,.
938,S,0.378,.
939,S,0.354,.
940,T,0.327,.
941,A,0.338,.
942,S,0.353,.
943,A,0.333,.
944,L,0.349,.
945,G,0.383,.
946,K,0.388,.
947,L,0.371,.
948,Q,0.396,.
949,D,0.425,.
950,V,0.429,.
951,V,0.427,.
952,N,0.462,.
953,Q,0.466,.
954,N,0.45,.
955,A,0.464,.
956,Q,0.497,.
957,A,0.47,.
958,L,0.451,.
959,N,0.464,.
960,T,0.462,.
961,L,0.431,.
962,V,0.427,.
963,K,0.44,.
964,Q,0.433,.
965,L,0.418,.
966,S,0.439,.
967,S,0.459,.
968,N,0.423,.
969,F,0.425,.
970,G,0.437,.
971,A,0.433,.
972,I,0.412,.
973,S,0.417,.
974,S,0.41,.
975,V,0.391,.
976,L,0.394,.
977,N,0.413,.
978,D,0.414,.
979,I,0.401,.
980,L,0.407,.
981,S,0.44,.
982,R,0.435,.
983,L,0.453,.
984,D,0.483,.
985,K,0.487,.
986,V,0.49,.
987,E,0.506,E
988,A,0.525,E
989,E,0.522,E
990,V,0.523,E
991,Q,0.52,E
992,I,0.498,.
993,D,0.485,.
994,R,0.462,.
995,L,0.448,.
996,I,0.409,.
997,T,0.405,.
998,G,0.385,.
999,R,0.339,.
1000,L,0.325,.
1001,Q,0.32,.
1002,S,0.305,.
1003,L,0.287,.
1004,Q,0.272,.
1005,T,0.29,.
1006,Y,0.282,.
1007,V,0.274,.
1008,T,0.298,.
1009,Q,0.318,.
1010,Q,0.328,.
1011,L,0.343,.
1012,I,0.382,.
1013,R,0.395,.
1014,A,0.411,.
1015,A,0.422,.
1016,E,0.438,.
1017,I,0.447,.
1018,R,0.452,.
1019,A,0.462,.
1020,S,0.455,.
1021,A,0.452,.
1022,N,0.468,.
1023,L,0.459,.
1024,A,0.441,.
1025,A,0.45,.
1026,T,0.455,.
1027,K,0.428,.
1028,M,0.419,.
1029,S,0.439,.
1030,E,0.44,.
1031,C,0.446,.
1032,V,0.459,.
1033,L,0.497,.
1034,G,0.51,E
1035,Q,0.511,E
1036,S,0.536,E
1037,K,0.544,E
1038,R,0.536,E
1039,V,0.535,E
1040,D,0.537,E
1041,F,0.528,E
1042,C,0.509,E
1043,G,0.494,.
1044,K,0.467,.
1045,G,0.435,.
1046,Y,0.409,.
1047,H,0.384,.
1048,L,0.365,.
1049,M,0.347,.
1050,S,0.339,.
1051,F,0.333,.
1052,P,0.329,.
1053,Q,0.346,.
1054,S,0.355,.
1055,A,0.355,.
1056,P,0.358,.
1057,H,0.351,.
1058,G,0.335,.
1059,V,0.318,.
1060,V,0.302,.
1061,F,0.281,.
1062,L,0.276,.
1063,H,0.282,.
1064,V,0.306,.
1065,T,0.336,.
1066,Y,0.368,.
1067,V,0.395,.
1068,P,0.421,.
1069,A,0.444,.
1070,Q,0.453,.
1071,E,0.455,.
1072,K,0.452,.
1073,N,0.438,.
1074,F,0.425,.
1075,T,0.389,.
1076,T,0.363,.
1077,A,0.327,.
1078,P,0.321,.
1079,A,0.342,.
1080,I,0.349,.
1081,C,0.365,.
1082,H,0.37,.
1083,D,0.374,.
1084,G,0.382,.
1085,K,0.391,.
1086,A,0.419,.
1087,H,0.425,.
1088,F,0.407,.
1089,P,0.385,.
1090,R,0.36,.
1091,E,0.347,.
1092,G,0.346,.
1093,V,0.371,.
1094,F,0.39,.
1095,V,0.4,.
1096,S,0.401,.
1097,N,0.416,.
1098,G,0.433,.
1099,T,0.438,.
1100,H,0.455,.
1101,W,0.462,.
1102,F,0.469,.
1103,V,0.482,.
1104,T,0.485,.
1105,Q,0.491,.
1106,R,0.501,E
1107,N,0.504,E
1108,F,0.541,E
1109,Y,0.565,E
1110,E,0.561,E
1111,P,0.56,E
1112,Q,0.552,E
1113,I,0.55,E
1114,I,0.543,E
1115,T,0.534,E
1116,T,0.531,E
1117,D,0.506,E
1118,N,0.475,.
1119,T,0.479,.
1120,F,0.464,.
1121,V,0.453,.
1122,S,0.441,.
1123,G,0.42,.
1124,N,0.419,.
1125,C,0.414,.
1126,D,0.416,.
1127,V,0.424,.
1128,V,0.414,.
1129,I,0.428,.
1130,G,0.453,.
1131,I,0.475,.
1132,V,0.511,E
1133,N,0.518,E
1134,N,0.543,E
1135,T,0.564,E
1136,V,0.575,E
1137,Y,0.587,E
1138,D,0.59,E
1139,P,0.584,E
1140,L,0.571,E
1141,Q,0.557,E
1142,P,0.558,E
1143,E,0.54,E
1144,L,0.528,E
1145,D,0.52,E
1146,S,0.529,E
1147,F,0.512,E
1148,K,0.505,E
1149,E,0.513,E
1150,E,0.525,E
1151,L,0.518,E
1152,D,0.544,E
1153,K,0.555,E
1154,Y,0.569,E
1155,F,0.578,E
1156,K,0.591,E
1157,N,0.598,E
1158,H,0.605,E
1159,T,0.606,E
1160,S,0.618,E
1161,P,0.601,E
1162,D,0.606,E
1163,V,0.607,E
1164,D,0.585,E
1165,L,0.593,E
1166,G,0.587,E
1167,D,0.564,E
1168,I,0.564,E
1169,S,0.543,E
1170,G,0.529,E
1171,I,0.501,E
1172,N,0.482,.
1173,A,0.485,.
1174,S,0.448,.
1175,V,0.445,.
1176,V,0.446,.
1177,N,0.437,.
1178,I,0.441,.
1179,Q,0.458,.
1180,K,0.479,.
1181,E,0.482,.
1182,I,0.475,.
1183,D,0.496,.
1184,R,0.47,.
1185,L,0.444,.
1186,N,0.45,.
1187,E,0.456,.
1188,V,0.437,.
1189,A,0.424,.
1190,K,0.431,.
1191,N,0.435,.
1192,L,0.428,.
1193,N,0.444,.
1194,E,0.473,.
1195,S,0.446,.
1196,L,0.455,.
1197,I,0.475,.
1198,D,0.477,.
1199,L,0.485,.
1200,Q,0.495,.
1201,E,0.5,.
1202,L,0.511,E
1203,G,0.513,E
1204,K,0.532,E
1205,Y,0.51,E
1206,E,0.494,.
1207,Q,0.475,.
1208,Y,0.455,.
1209,I,0.436,.
1210,K,0.415,.
1211,W,0.382,.
1212,P,0.35,.
1213,W,0.321,.
1214,Y,0.304,.
1215,I,0.284,.
1216,W,0.276,.
1217,L,0.261,.
1218,G,0.24,.
1219,F,0.234,.
1220,I,0.239,.
1221,A,0.245,.
1222,G,0.247,.
1223,L,0.244,.
1224,I,0.24,.
1225,A,0.23,.
1226,I,0.226,.
1227,V,0.23,.
1228,M,0.223,.
1229,V,0.206,.
1230,T,0.193,.
1231,I,0.19,.
1232,M,0.193,.
1233,L,0.207,.
1234,C,0.225,.
1235,C,0.239,.
1236,M,0.254,.
1237,T,0.276,.
1238,S,0.306,.
1239,C,0.335,.
1240,C,0.361,.
1241,S,0.381,.
1242,C,0.392,.
1243,L,0.408,.
1244,K,0.424,.
1245,G,0.433,.
1246,C,0.45,.
1247,C,0.458,.
1248,S,0.465,.
1249,C,0.472,.
1250,G,0.489,.
1251,S,0.502,E
1252,C,0.512,E
1253,C,0.526,E
1254,K,0.541,E
1255,F,0.558,E
1256,D,0.566,E
1257,E,0.581,E
1258,D,0.589,E
1259,D,0.577,E
1260,S,0.572,E
1261,E,0.568,E
1262,P,0.55,E
1263,V,0.533,E
1264,L,0.518,E
1265,K,0.513,E
1266,G,0.503,E
1267,V,0.499,.
1268,K,0.508,E
1269,L,0.455,.
1270,H,0.395,.
1271,Y,0.345,.
1272,T,0.296,.
